,Edad,Genero,AccesoDispositivos,Celular,internetCelular,Carrera,Rendimiento,TipoDispositivo_Computadora personal,TipoDispositivo_Laptop,TipoDispositivo_Tablet,PreferenciaClases_Presencial,PreferenciaClases_Semi Presencial,PreferenciaClases_Virtual,PlatformaVirtual_Classroom,PlatformaVirtual_Moodle,PlatformaVirtual_Teams,Meet_Jitsi Meet,Meet_Meet de Google,Meet_Zoom Meet
64,20,1,1,1,1,Física,0.0,0,1,0,0,1,0,1,1,0,0,1,1
67,21,0,1,1,1,Física,0.0,0,1,0,1,0,0,1,0,0,1,1,0
74,19,0,0,1,1,Física,0.0,0,0,0,1,0,0,1,1,0,0,1,0
84,22,1,1,1,1,Física,0.0,1,0,0,0,1,0,1,1,0,0,1,1
89,27,0,0,1,1,Física,0.0,0,0,0,0,1,0,1,0,0,0,0,1
92,22,1,0,1,1,Física,0.0,0,0,0,1,0,0,1,0,0,0,1,1
98,24,0,1,1,1,Física,0.0,0,1,0,1,0,0,1,0,0,0,1,1
99,26,1,1,1,1,Física,0.0,1,0,0,0,1,0,1,1,0,0,1,1
115,20,1,1,1,1,Física,0.0,1,0,0,0,1,0,1,1,1,0,1,1
120,24,0,1,1,1,Física,0.0,1,1,1,1,0,0,1,0,0,0,1,1
133,18,0,1,1,1,Física,0.0,0,1,0,1,0,0,1,0,0,0,1,0
138,19,1,1,1,1,Física,52.17391304347826,0,1,0,0,1,0,1,1,0,0,1,1
143,19,0,1,1,1,Física,0.0,1,0,0,0,0,1,1,0,0,0,1,0
145,20,0,1,1,1,Física,0.0,0,1,0,1,0,0,1,0,0,0,1,0
159,21,1,1,1,1,Física,0.0,0,1,0,0,0,1,1,1,1,0,1,0
173,21,0,1,1,1,Física,88.37209302325581,0,1,0,1,0,0,1,1,0,0,1,1
187,20,0,0,1,1,Física,0.0,0,0,0,1,0,0,1,0,0,0,1,0
193,21,1,1,1,1,Física,52.63157894736842,0,1,0,0,0,1,1,0,0,0,1,1
202,21,1,1,1,1,Física,73.68421052631578,0,1,1,0,1,0,1,0,0,0,1,0
203,22,1,1,1,1,Física,0.0,0,1,0,0,1,0,1,0,0,0,1,0
205,21,1,1,1,1,Física,65.51724137931035,1,1,1,0,1,0,1,0,0,0,1,1
206,21,1,1,1,1,Física,0.0,0,1,0,1,0,0,1,0,0,0,1,1
214,21,0,0,1,1,Física,0.0,0,0,0,0,1,0,1,0,0,0,1,1
217,32,1,1,1,0,Física,81.81818181818183,0,1,0,1,0,0,1,0,0,0,1,1
219,18,1,0,1,1,Física,0.0,0,0,0,1,0,0,1,0,0,0,1,0
226,20,1,0,1,1,Física,0.0,0,0,0,0,1,0,1,1,0,0,1,1
228,21,1,0,1,1,Física,67.56756756756756,0,0,0,0,1,0,1,1,0,0,1,1
234,27,1,1,1,1,Física,57.47126436781609,0,1,0,0,0,1,1,1,0,0,1,1
237,24,0,0,1,1,Física,0.0,0,0,0,1,0,0,1,0,0,0,1,0
242,27,1,1,1,1,Física,0.0,0,1,0,1,0,0,0,1,0,0,1,0
244,19,1,0,1,1,Física,0.0,0,0,0,1,0,0,1,1,0,0,1,1
277,23,0,1,1,1,Física,0.0,0,1,0,0,1,0,1,0,0,0,1,0
283,22,1,1,1,1,Física,14.285714285714285,1,0,0,0,1,0,1,0,0,0,1,0
301,21,0,0,1,1,Física,0.0,0,0,0,0,1,0,1,0,0,0,1,0
304,22,1,1,1,2,Física,0.0,0,1,0,1,0,0,1,0,0,0,1,1
309,19,1,1,1,1,Física,0.0,1,0,1,0,0,1,1,0,0,0,1,1
315,21,1,1,1,1,Física,50.0,1,0,0,1,0,0,1,1,0,0,0,1
318,18,0,1,1,0,Física,33.33333333333333,1,1,0,0,1,0,1,0,0,0,1,0
342,21,1,1,1,1,Física,0.0,1,0,0,0,0,1,1,1,0,0,1,1
345,18,1,1,1,1,Física,0.0,1,0,0,0,0,1,1,1,0,0,1,1
347,26,1,1,1,1,Física,0.0,0,1,0,0,1,0,1,0,0,0,1,1
348,22,0,1,1,1,Física,0.0,0,1,0,0,0,1,1,0,0,0,0,1
349,26,1,1,1,1,Física,0.0,1,0,0,0,0,1,1,0,0,0,1,0
363,27,1,1,1,1,Física,0.0,1,1,0,0,0,1,1,0,0,0,1,0
364,22,1,0,1,1,Física,0.0,0,0,0,1,0,0,1,0,0,0,1,1
374,27,1,1,1,1,Física,0.0,1,0,0,0,0,1,1,0,0,0,0,1
384,23,1,1,1,1,Física,83.33333333333334,1,1,0,0,0,1,1,0,0,1,1,0
415,19,0,1,1,1,Física,50.0,0,1,1,0,1,0,1,0,0,0,1,0
416,20,1,1,1,1,Física,50.0,1,0,0,0,0,1,1,1,0,0,1,1
426,18,1,1,1,1,Física,0.0,1,1,1,1,0,0,1,0,0,0,1,0
427,23,0,1,1,1,Física,0.0,0,1,0,0,1,0,1,0,0,0,1,1
440,23,1,1,1,1,Física,0.0,0,1,0,0,0,1,1,1,0,0,1,0
445,22,1,1,1,1,Física,0.0,0,1,0,0,1,0,1,1,0,0,1,1
449,26,0,1,1,1,Física,0.0,0,1,1,0,1,0,1,0,0,0,1,1
474,32,0,0,1,1,Física,0.0,0,0,0,1,0,0,1,0,0,0,1,1
483,30,0,1,1,1,Física,0.0,0,1,0,0,0,1,1,0,0,0,1,0
496,30,1,1,1,1,Física,84.0,1,1,1,0,0,1,1,0,0,0,1,1
501,19,1,0,0,2,Física,0.0,0,0,0,0,0,1,1,0,0,0,1,0
502,18,1,1,1,1,Física,0.0,0,1,0,0,0,1,1,0,0,0,0,1
503,20,0,0,1,1,Física,0.0,0,0,0,0,1,0,1,1,0,0,1,1
505,22,1,1,1,1,Física,0.0,0,1,0,0,0,1,1,1,0,0,1,1
507,18,1,1,1,1,Física,0.0,1,0,0,1,0,0,1,1,0,0,1,1
513,20,0,0,1,1,Física,0.0,0,0,0,1,0,0,1,0,0,0,1,0
516,20,1,1,1,1,Física,40.0,0,1,0,1,0,0,1,1,0,0,1,1
530,20,0,1,1,1,Física,0.0,0,1,0,1,0,0,1,0,0,0,1,1
534,21,1,1,1,1,Física,0.0,0,1,0,1,0,0,1,0,0,0,1,0
553,18,0,1,1,1,Física,0.0,0,1,1,0,1,0,1,1,0,0,1,1
563,24,1,1,1,1,Física,0.0,0,1,0,0,0,1,1,0,0,0,1,0
564,24,0,1,1,1,Física,72.72727272727273,0,1,0,0,0,1,1,0,0,0,1,1
585,19,1,1,1,1,Física,0.0,0,1,0,0,0,1,1,1,0,0,1,1
597,21,1,1,1,1,Física,0.0,0,1,0,0,1,0,1,0,0,0,1,0
598,23,0,1,1,1,Física,0.0,0,1,0,1,0,0,1,0,0,0,1,0
606,22,0,0,1,1,Física,51.85185185185185,0,0,0,0,1,0,1,1,0,0,1,1
611,24,1,1,1,1,Física,62.31884057971014,0,1,0,0,1,0,1,1,0,0,1,1
618,18,1,1,1,1,Física,0.0,0,1,0,1,0,0,1,1,0,0,1,1
628,32,1,1,1,1,Física,42.241379310344826,0,1,0,0,1,0,1,0,0,0,1,1
645,21,1,1,1,1,Física,0.0,0,1,0,0,1,0,1,0,0,0,1,1
647,40,1,1,1,1,Física,0.0,1,0,0,0,1,0,1,1,0,0,1,1
667,20,0,1,1,1,Física,0.0,0,1,0,1,0,0,1,1,0,0,1,1
670,.,0,0,1,0,Física,0.0,0,0,0,1,0,0,1,1,0,0,0,1
674,28,1,1,1,1,Física,0.0,1,0,0,0,1,0,1,0,0,0,1,1
691,18,1,1,1,1,Física,0.0,0,1,0,0,1,0,1,0,0,0,0,1
696,19,1,1,1,1,Física,0.0,0,0,1,1,0,0,1,0,0,0,1,1
702,21,1,1,1,1,Física,0.0,1,0,0,0,1,0,1,0,0,0,1,0
703,30,0,1,1,1,Física,0.0,1,1,0,1,0,0,1,0,0,0,1,0
705,23,0,1,1,1,Física,90.9090909090909,1,0,0,1,0,0,1,0,0,0,1,1
745,24,0,1,1,1,Física,0.0,0,1,0,0,1,0,1,1,0,0,1,1
754,17,1,1,1,2,Física,0.0,1,1,0,1,0,0,1,1,0,0,1,1
763,19,0,1,1,1,Física,0.0,1,0,0,1,0,0,1,1,0,0,1,1
768,18,1,0,1,1,Física,0.0,0,0,0,1,0,0,1,0,0,0,1,0
769,29,1,0,1,1,Física,0.0,0,0,0,0,0,1,1,0,0,0,1,0
770,22,1,1,1,1,Física,0.0,0,1,0,0,0,1,1,0,0,0,1,1
779,30,1,1,1,1,Física,0.0,0,1,0,0,0,1,1,0,0,0,1,0
780,23,1,0,1,1,Física,78.78787878787878,0,0,0,0,0,1,1,1,0,0,1,1
802,23,0,0,1,1,Física,0.0,0,0,0,1,0,0,1,1,0,0,1,1
808,19,1,1,1,1,Física,0.0,0,1,0,1,0,0,1,1,0,0,1,1
812,25,1,1,1,1,Física,0.0,1,0,0,1,0,0,1,1,0,0,1,1
823,19,1,1,1,1,Física,0.0,1,0,0,0,1,0,1,1,0,0,1,1
835,38,1,0,1,1,Física,0.0,0,0,0,1,0,0,1,0,0,0,1,1
849,23,1,1,1,1,Física,84.0,0,1,0,0,0,1,1,0,0,0,1,0
853,43,1,1,1,1,Física,0.0,1,1,0,0,0,1,1,0,0,1,1,0
855,20,1,1,1,1,Física,0.0,0,1,0,0,1,0,1,0,0,0,1,0
866,22,1,1,1,1,Física,62.5,0,1,0,0,0,1,1,0,0,0,0,1
872,21,1,1,1,1,Física,0.0,1,0,0,1,0,0,1,1,0,0,1,1
876,25,1,1,1,1,Física,0.0,1,0,0,1,0,0,1,0,0,0,1,0
878,23,1,1,1,1,Física,0.0,1,0,0,0,0,1,1,0,0,0,1,1
881,26,1,1,1,1,Física,0.0,0,1,0,0,0,1,1,0,0,0,1,0
887,18,0,1,1,1,Física,0.0,1,0,1,0,0,1,1,0,0,0,1,1
893,26,1,1,1,1,Física,0.0,1,0,0,0,0,1,1,0,0,0,1,0
899,31,1,1,1,1,Física,0.0,1,0,0,0,0,1,1,1,0,0,1,0
901,27,1,1,1,2,Física,0.0,1,0,0,1,0,0,1,1,0,0,1,1
907,33,1,1,1,1,Física,0.0,1,0,0,0,1,0,0,1,0,0,1,0
